{"cameraMode":{"drawMode":0,"name":"Shaded","section":"Shading Mode"},"sceneLighting":false,"audioPlay":false,"sceneViewState":{"showFog":true,"showMaterialUpdate":false,"showSkybox":false,"showFlares":true,"showImageEffects":true,"showParticleSystems":true},"in2DMode":false,"pivot":{"x":-1.3002288341522217,"y":0.43542438745498659,"z":0.03735218942165375},"rotation":{"x":-0.02603757381439209,"y":0.7484577298164368,"z":-0.029437094926834108,"w":-0.6620315313339233},"size":1.6157479286193848,"orthographic":false}